{
    "cut1": {
        "energy": {
            "sacrifice": 0.013308116513889062, 
            "stat_unc": 0.00019130624747239368, 
            "sys_unc": 0.0006627042785471505
        }, 
        "posr3": {
            "sacrifice": 0.012611000282937785, 
            "stat_unc": 0.0009201324638288026, 
            "sys_unc": 0.0031874323647054846
        }, 
        "udotr": {
            "sacrifice": 0.013285905318953097, 
            "stat_unc": 0.00025243140719493875, 
            "sys_unc": 0.0008744480476808487
        }
    }, 
    "cut2": {
        "energy": {
            "sacrifice": 0.0005323368818212194, 
            "stat_unc": 7.289640661773573e-05, 
            "sys_unc": 0.00023051867732268785
        }, 
        "posr3": {
            "sacrifice": 0.0006020100263743961, 
            "stat_unc": 3.276182242664017e-05, 
            "sys_unc": 0.00010865867262949608
        }, 
        "udotr": {
            "sacrifice": 0.0005989336338055715, 
            "stat_unc": 3.5388421544925954e-05, 
            "sys_unc": 0.0001173701168447579
        }
    }
}