{
    "cut1": {
        "energy": {
            "sacrifice": 0.013343391641315662, 
            "stat_unc": 0.00016987796730506057, 
            "sys_unc": 0.0005884745386425884
        }, 
        "posr3": {
            "sacrifice": 0.012650580157076867, 
            "stat_unc": 0.000914723000163221, 
            "sys_unc": 0.003168693418450183
        }, 
        "udotr": {
            "sacrifice": 0.013318229893808146, 
            "stat_unc": 0.0002442787577548649, 
            "sys_unc": 0.0008462064418344307
        }
    }, 
    "cut2": {
        "energy": {
            "sacrifice": 0.000509993956133767, 
            "stat_unc": 6.717852905226261e-05, 
            "sys_unc": 0.00021243716045044885
        }, 
        "posr3": {
            "sacrifice": 0.000558046515761756, 
            "stat_unc": 4.038489859439689e-05, 
            "sys_unc": 0.00013394155607144196
        }, 
        "udotr": {
            "sacrifice": 0.0005672014283803445, 
            "stat_unc": 3.3736462568781995e-05, 
            "sys_unc": 0.00011189118823060079
        }
    }
}