{
    "cut1": {
        "energy": {
            "sacrifice": 0.014465886791418364, 
            "stat_unc": 0.0002440226141060509, 
            "sys_unc": 0.0008453191292940182
        }, 
        "posr3": {
            "sacrifice": 0.013674882997277715, 
            "stat_unc": 0.0010271901144345663, 
            "sys_unc": 0.00355829094702419
        }, 
        "udotr": {
            "sacrifice": 0.014399715949674013, 
            "stat_unc": 0.0003834632770587624, 
            "sys_unc": 0.0013283557557166436
        }
    }, 
    "cut2": {
        "energy": {
            "sacrifice": 0.0004941300582325063, 
            "stat_unc": 7.727471319746673e-05, 
            "sys_unc": 0.0002443640978872492
        }, 
        "posr3": {
            "sacrifice": 0.0005785128661984678, 
            "stat_unc": 3.560873710197236e-05, 
            "sys_unc": 0.00011810082029961144
        }, 
        "udotr": {
            "sacrifice": 0.0005770182389481049, 
            "stat_unc": 3.6758649232782446e-05, 
            "sys_unc": 0.00012191464677264636
        }
    }
}